Directory;File;Error;comment
D:/CAST/CodeDrop/Github/Analyzed/BeverageStarterFlow/com.castsoftware.uc.imsdc;imsdc transaction with comments.jpg;binary file;
D:/CAST/CodeDrop/Github/Analyzed/BeverageStarterFlow/com.castsoftware.uc.imsdc;imsdc.jpg;binary file;
D:/CAST/CodeDrop/Github/Analyzed/BeverageStarterFlow/com.castsoftware.uc.imsdc;imsdc_transaction6_PGU_page_Workaround.jpg;binary file;
D:/CAST/CodeDrop/Github/Analyzed/BeverageStarterFlow/com.castsoftware.uc.imsdc;mfs.jpg;binary file;
D:/CAST/CodeDrop/Github/Analyzed/BeverageStarterFlow/com.castsoftware.uc.natural.adabas;AdabasConceptualFile.ICO;binary file;
D:/CAST/CodeDrop/Github/Analyzed/BeverageStarterFlow/com.castsoftware.uc.natural.adabas;AdabasFile.ico;binary file;
D:/CAST/CodeDrop/Github/Analyzed/BeverageStarterFlow/com.castsoftware.uc.natural.adabas;AdabasView.ICO;binary file;
D:/CAST/CodeDrop/Github/Analyzed/BeverageStarterFlow/com.castsoftware.uc.natural.adabas;Natural - Adabas Visio diagram v1.3.png;binary file;
D:/CAST/CodeDrop/Github/Analyzed/BeverageStarterFlow/com.castsoftware.uc.natural.adabas;NaturalAliasView.ICO;binary file;
D:/CAST/CodeDrop/Github/Analyzed/BeverageStarterFlow/com.castsoftware.uc.natural.adabas;NaturalAliasViewDA.ICO;binary file;
D:/CAST/CodeDrop/Github/Analyzed/BeverageStarterFlow/com.castsoftware.uc.natural.adabas;NaturalBatchProgram.ICO;binary file;
D:/CAST/CodeDrop/Github/Analyzed/BeverageStarterFlow/com.castsoftware.uc.natural.adabas;NaturalCopyBook.ICO;binary file;
D:/CAST/CodeDrop/Github/Analyzed/BeverageStarterFlow/com.castsoftware.uc.natural.adabas;NaturalDDM.ICO;binary file;
D:/CAST/CodeDrop/Github/Analyzed/BeverageStarterFlow/com.castsoftware.uc.natural.adabas;NaturalErrorRoutine.ICO;binary file;
D:/CAST/CodeDrop/Github/Analyzed/BeverageStarterFlow/com.castsoftware.uc.natural.adabas;NaturalExternalSubroutine.ICO;binary file;
D:/CAST/CodeDrop/Github/Analyzed/BeverageStarterFlow/com.castsoftware.uc.natural.adabas;NaturalGlobalDataArea.ICO;binary file;
D:/CAST/CodeDrop/Github/Analyzed/BeverageStarterFlow/com.castsoftware.uc.natural.adabas;NaturalHelperSubroutine.ICO;binary file;
D:/CAST/CodeDrop/Github/Analyzed/BeverageStarterFlow/com.castsoftware.uc.natural.adabas;NaturalLocalDataArea.ICO;binary file;
D:/CAST/CodeDrop/Github/Analyzed/BeverageStarterFlow/com.castsoftware.uc.natural.adabas;NaturalMap.ICO;binary file;
D:/CAST/CodeDrop/Github/Analyzed/BeverageStarterFlow/com.castsoftware.uc.natural.adabas;NaturalParameterDataArea.ICO;binary file;
D:/CAST/CodeDrop/Github/Analyzed/BeverageStarterFlow/com.castsoftware.uc.natural.adabas;NaturalProgram.ICO;binary file;
D:/CAST/CodeDrop/Github/Analyzed/BeverageStarterFlow/com.castsoftware.uc.natural.adabas;NaturalProject.ICO;binary file;
D:/CAST/CodeDrop/Github/Analyzed/BeverageStarterFlow/com.castsoftware.uc.natural.adabas;NaturalSubProgram.ICO;binary file;
D:/CAST/CodeDrop/Github/Analyzed/BeverageStarterFlow/com.castsoftware.uc.natural.adabas;NaturalSubroutine.ICO;binary file;
D:/CAST/CodeDrop/Github/Analyzed/BeverageStarterFlow/com.castsoftware.uc.natural.adabas;NaturalView.ICO;binary file;
D:/CAST/CodeDrop/Github/Analyzed/BeverageStarterFlow/com.castsoftware.uc.rdl;MetricsComputation.JPG;binary file;
D:/CAST/CodeDrop/Github/Analyzed/BeverageStarterFlow/com.castsoftware.uc.rdl;RDL REPORT OBJECTS.JPG;binary file;
D:/CAST/CodeDrop/Github/Analyzed/BeverageStarterFlow/com.castsoftware.uc.rdl;RDLSQLQueryToDB.JPG;binary file;
D:/CAST/CodeDrop/Github/Analyzed/BeverageStarterFlow/com.castsoftware.uc.rdl;RDL_icon.jpg;binary file;
D:/CAST/CodeDrop/Github/Analyzed/BeverageStarterFlow/com.castsoftware.uc.rdl;SSRS.jpg;binary file;
D:/CAST/CodeDrop/Github/Analyzed/BeverageStarterFlow/com.castsoftware.uc.rdl;SSRS2.jpg;binary file;
