Directory;File;Extension;Technos
D:/CAST/CodeDrop/Github/Analyzed/Demo/ColdFusion-Extension-Description-Page;COPYING.LESSER.TXT;TXT;
D:/CAST/CodeDrop/Github/Analyzed/Demo/ColdFusion-Extension-Description-Page;plugin.nuspec;nuspec;
D:/CAST/CodeDrop/Github/Analyzed/Demo/ColdFusion-Extension-Description-Page/Configuration/Languages/ColdFusion;ColdFusionCastMetrics.xml;xml;
D:/CAST/CodeDrop/Github/Analyzed/Demo/ColdFusion-Extension-Description-Page/Configuration/Languages/ColdFusion;ColdFusionLanguagePattern.xml;xml;
D:/CAST/CodeDrop/Github/Analyzed/Demo/ColdFusion-Extension-Description-Page/Configuration/Languages/ColdFusion;ColdFusionMetaModel.xml;xml;
D:/CAST/CodeDrop/Github/Analyzed/Demo/ColdFusion-Extension-Description-Page/InstallScripts/Common;CentralModelColdFusion.xml;xml;
D:/CAST/CodeDrop/Github/Analyzed/Demo/ColdFusion-Extension-Description-Page/InstallScripts/Common/ADG;ADG_ConfigData.xml;xml;
D:/CAST/CodeDrop/Github/Analyzed/Demo/ColdFusion-Extension-Description-Page/InstallScripts/Common/ADG;ADG_ConfigDataModel.xml;xml;
D:/CAST/CodeDrop/Github/Analyzed/Demo/ColdFusion-Extension-Description-Page/InstallScripts/Common/ADG;ADG_MetricTree.pck;pck;
D:/CAST/CodeDrop/Github/Analyzed/Demo/ColdFusion-Extension-Description-Page/InstallScripts/Common/DIAG;DIAGCORE_UA_COLDFUSION.pck;pck;
D:/CAST/CodeDrop/Github/Analyzed/Demo/ColdFusion-Extension-Description-Page/MasterFiles;IMPLParameters.xml;xml;
D:/CAST/CodeDrop/Github/Analyzed/Demo/ColdFusion-Extension-Description-Page/MasterFiles;IMPLQualityRules.xml;xml;
D:/CAST/CodeDrop/Github/Analyzed/Demo/ColdFusion-Extension-Description-Page/MasterFiles;IMPLSizingMeasures.xml;xml;
D:/CAST/CodeDrop/Github/Analyzed/Demo/ColdFusion-Extension-Description-Page/MasterFiles;IMPLTechnologies.xml;xml;
D:/CAST/CodeDrop/Github/Analyzed/Demo/ColdFusion-Extension-Description-Page/MasterFiles;MetricsDirectory.xml;xml;
D:/CAST/CodeDrop/Github/Analyzed/Demo/ColdFusion-Extension-Description-Page/MasterFiles;SPECContributors.xml;xml;
D:/CAST/CodeDrop/Github/Analyzed/Demo/ColdFusion-Extension-Description-Page/MasterFiles;SPECDocumentation.xml;xml;
D:/CAST/CodeDrop/Github/Analyzed/Demo/ColdFusion-Extension-Description-Page/MasterFiles;SPECThresholds.xml;xml;
D:/CAST/CodeDrop/Github/Analyzed/Demo/com.castsoftware.labs.jee.missingtable;plugin.nuspec;nuspec;
D:/CAST/CodeDrop/Github/Analyzed/Demo/com.castsoftware.labs.jee.missingtable;README.md;md;
D:/CAST/CodeDrop/Github/Analyzed/Demo/com.castsoftware.labs.jee.missingtable/configuration/Languages;UnknownDatabaseMetaModel.xml;xml;
D:/CAST/CodeDrop/Github/Analyzed/Demo/com.castsoftware.labs.jee.missingtable/plyj;parser.out;out;
D:/CAST/CodeDrop/Github/Analyzed/Demo/com.castsoftware.uc.apachetiles;plugin.nuspec;nuspec;
D:/CAST/CodeDrop/Github/Analyzed/Demo/com.castsoftware.uc.apachetiles;README.md;md;
D:/CAST/CodeDrop/Github/Analyzed/Demo/com.castsoftware.uc.apachetiles/Configuration/Languages/Tiles;TilesMetaModel.xml;xml;
D:/CAST/CodeDrop/Github/Analyzed/Demo/Pacbase-Extension-Description-Page;README.md;md;
